                  epoch,         train/box_loss,         train/cls_loss,         train/dfl_loss,   metrics/precision(B),      metrics/recall(B),       metrics/mAP50(B),    metrics/mAP50-95(B),           val/box_loss,           val/cls_loss,           val/dfl_loss,                 lr/pg0,                 lr/pg1,                 lr/pg2
                      1,                 5.5963,                 4.5628,                 4.1168,                      0,                      0,                      0,                      0,                 5.2054,                 4.1572,                 4.1344,                0.00042,                0.00042,                0.00042
                      2,                 4.4039,                 3.6037,                 3.7268,                      0,                      0,                      0,                      0,                 5.0644,                 4.0316,                  4.029,             0.00085574,             0.00085574,             0.00085574
                      3,                 3.2885,                 2.8233,                 2.9884,                      0,                      0,                      0,                      0,                 5.0322,                 3.8522,                 3.9928,              0.0012871,              0.0012871,              0.0012871
                      4,                 2.8023,                 2.3512,                 2.4931,                      0,                      0,                      0,                      0,                 4.5329,                 3.9541,                  3.694,              0.0017142,              0.0017142,              0.0017142
                      5,                  2.595,                 2.0945,                 2.2454,                0.34883,                  0.165,                0.13509,                 0.0407,                 3.1682,                 2.5713,                 2.8133,              0.0019604,              0.0019604,              0.0019604
                      6,                 2.3839,                 1.8924,                 2.0219,                0.36839,                0.46333,                0.34232,                0.12904,                 2.5043,                 3.2514,                 2.3611,              0.0019505,              0.0019505,              0.0019505
                      7,                 2.2804,                  1.754,                 1.8829,                0.44494,                0.33167,                0.32071,                0.11875,                 2.4676,                 2.0051,                 2.3143,              0.0019406,              0.0019406,              0.0019406
                      8,                 2.1421,                 1.6947,                 1.7832,                0.49752,                0.41333,                0.40492,                0.16225,                 2.1667,                  2.199,                 2.1482,              0.0019307,              0.0019307,              0.0019307
                      9,                 2.0479,                 1.6494,                 1.7351,                0.37891,                0.34667,                0.27942,                0.11165,                 2.2552,                 1.9669,                 2.1665,              0.0019208,              0.0019208,              0.0019208
                     10,                 2.0107,                 1.5972,                 1.6856,                0.53648,                   0.38,                 0.4271,                0.19098,                 1.9808,                 1.7935,                 1.9712,              0.0019109,              0.0019109,              0.0019109
                     11,                 1.9677,                 1.5621,                 1.6167,                0.54492,                0.47097,                0.47118,                0.21936,                 1.8876,                 1.7897,                 1.8564,               0.001901,               0.001901,               0.001901
                     12,                  1.916,                 1.5417,                 1.5979,                0.64291,                  0.495,                0.53785,                0.25895,                  1.848,                 1.5617,                 1.8258,              0.0018911,              0.0018911,              0.0018911
                     13,                 1.8705,                  1.492,                 1.5642,                0.61996,                0.50667,                0.52719,                0.25343,                 2.0134,                 1.9548,                 1.9379,              0.0018812,              0.0018812,              0.0018812
                     14,                  1.816,                 1.4295,                 1.5012,                0.67903,                0.51833,                0.59077,                0.29709,                 1.7343,                 1.4576,                 1.7418,              0.0018713,              0.0018713,              0.0018713
                     15,                 1.8102,                 1.4519,                 1.5013,                0.67108,                0.52366,                0.58426,                0.29887,                 1.7117,                 1.4872,                 1.7021,              0.0018614,              0.0018614,              0.0018614
                     16,                 1.7918,                 1.4267,                  1.521,                0.67029,                   0.57,                0.62521,                0.32607,                 1.6164,                 1.5312,                 1.6422,              0.0018515,              0.0018515,              0.0018515
                     17,                 1.7714,                 1.3982,                 1.4588,                0.65668,                0.52833,                0.58128,                0.30892,                 1.6396,                 1.4425,                 1.6573,              0.0018416,              0.0018416,              0.0018416
                     18,                 1.7004,                 1.3433,                 1.4281,                 0.7106,                0.56333,                0.63999,                0.32994,                 1.6931,                 1.3937,                 1.6603,              0.0018317,              0.0018317,              0.0018317
                     19,                 1.6873,                  1.325,                 1.4151,                0.73309,                0.54667,                0.62601,                0.33909,                 1.6007,                 1.4088,                 1.6128,              0.0018218,              0.0018218,              0.0018218
                     20,                 1.6922,                 1.3382,                  1.412,                0.75475,                 0.5488,                0.62366,                0.33928,                 1.5939,                 1.3528,                 1.5701,              0.0018119,              0.0018119,              0.0018119
                     21,                 1.6444,                 1.3094,                 1.3964,                0.70417,                0.53557,                 0.6042,                0.33895,                 1.5941,                 1.3868,                 1.5826,               0.001802,               0.001802,               0.001802
                     22,                 1.6464,                 1.3116,                 1.4104,                0.70299,                   0.58,                0.64872,                0.35568,                 1.5296,                 1.3477,                 1.5522,              0.0017921,              0.0017921,              0.0017921
                     23,                 1.6419,                  1.295,                 1.4065,                0.70187,                0.54149,                 0.6049,                0.31364,                  1.617,                 1.3641,                    1.6,              0.0017822,              0.0017822,              0.0017822
                     24,                  1.596,                 1.2643,                 1.3625,                0.74539,                0.55624,                0.62633,                 0.3391,                 1.5522,                 1.3054,                 1.5554,              0.0017723,              0.0017723,              0.0017723
                     25,                 1.6489,                 1.2703,                 1.3771,                 0.7331,                0.58667,                0.64159,                0.35495,                 1.5411,                 1.2866,                 1.5705,              0.0017624,              0.0017624,              0.0017624
                     26,                 1.5894,                 1.2711,                 1.3724,                0.75278,                   0.56,                0.64602,                0.35724,                 1.5295,                 1.4263,                  1.552,              0.0017525,              0.0017525,              0.0017525
                     27,                 1.6235,                 1.2757,                 1.3707,                0.76908,                0.57333,                0.64804,                0.36189,                 1.4963,                 1.3311,                 1.5374,              0.0017426,              0.0017426,              0.0017426
                     28,                 1.5854,                 1.2584,                 1.3544,                 0.8073,                0.56667,                0.66767,                0.36516,                 1.5124,                  1.304,                 1.5104,              0.0017327,              0.0017327,              0.0017327
                     29,                 1.5905,                 1.2542,                 1.3286,                0.77747,                0.56167,                0.63484,                 0.3428,                 1.5678,                 1.2915,                 1.5332,              0.0017228,              0.0017228,              0.0017228
                     30,                 1.5718,                 1.2414,                 1.3444,                0.76576,                0.60167,                0.67597,                0.38557,                 1.5104,                 1.2722,                 1.5388,              0.0017129,              0.0017129,              0.0017129
                     31,                 1.5416,                 1.2014,                 1.3107,                0.75117,                   0.61,                0.65287,                 0.3756,                 1.5217,                 1.2728,                 1.4986,               0.001703,               0.001703,               0.001703
                     32,                 1.5376,                 1.2425,                 1.3423,                0.74156,                   0.57,                0.65208,                0.36992,                 1.4778,                  1.237,                 1.4981,              0.0016931,              0.0016931,              0.0016931
                     33,                 1.5907,                 1.2371,                 1.3356,                0.78109,                0.61848,                0.69471,                0.40899,                 1.4744,                 1.2332,                 1.4823,              0.0016832,              0.0016832,              0.0016832
                     34,                 1.5869,                 1.2558,                 1.3418,                0.76442,                  0.535,                0.62959,                0.35873,                 1.5734,                 1.3174,                 1.5362,              0.0016733,              0.0016733,              0.0016733
                     35,                 1.5101,                 1.1793,                 1.2693,                0.72611,                0.63333,                0.68048,                0.38993,                 1.4735,                 1.2971,                 1.4897,              0.0016634,              0.0016634,              0.0016634
                     36,                 1.5239,                 1.1627,                 1.2935,                0.76329,                0.61333,                0.68377,                0.39659,                  1.456,                 1.2029,                 1.4787,              0.0016535,              0.0016535,              0.0016535
                     37,                 1.5325,                 1.2213,                  1.314,                0.75465,                0.59333,                0.66823,                0.38539,                 1.4496,                 1.3333,                 1.4945,              0.0016436,              0.0016436,              0.0016436
                     38,                 1.5257,                 1.1848,                 1.3113,                0.71592,                0.58383,                 0.6517,                 0.3782,                  1.495,                 1.3033,                 1.4978,              0.0016337,              0.0016337,              0.0016337
                     39,                 1.4597,                 1.1473,                 1.2794,                 0.7626,                0.62641,                0.68008,                0.38848,                 1.4147,                 1.1994,                 1.4583,              0.0016238,              0.0016238,              0.0016238
                     40,                 1.4883,                 1.1712,                 1.2777,                0.75651,                0.62333,                0.69173,                0.39803,                 1.4241,                  1.232,                 1.4682,              0.0016139,              0.0016139,              0.0016139
                     41,                  1.451,                 1.1382,                 1.2754,                0.79374,                   0.62,                0.71296,                0.41587,                 1.4571,                 1.1629,                 1.4443,               0.001604,               0.001604,               0.001604
                     42,                 1.4705,                 1.1359,                 1.2767,                0.80336,                0.61283,                0.69431,                0.41562,                 1.4973,                 1.2126,                 1.4998,              0.0015941,              0.0015941,              0.0015941
                     43,                 1.4245,                 1.1213,                 1.2574,                0.73844,                0.65833,                0.70796,                0.41108,                 1.4237,                 1.1579,                 1.4424,              0.0015842,              0.0015842,              0.0015842
                     44,                 1.4838,                 1.1495,                 1.2804,                0.71176,                0.63333,                 0.6864,                0.40052,                 1.4755,                 1.2293,                 1.4944,              0.0015743,              0.0015743,              0.0015743
                     45,                  1.488,                 1.1457,                 1.2821,                0.80301,                0.57833,                0.69902,                 0.4257,                 1.3896,                 1.1904,                 1.4364,              0.0015644,              0.0015644,              0.0015644
                     46,                  1.463,                 1.1565,                  1.299,                0.74754,                0.62333,                0.65704,                 0.3815,                 1.4506,                 1.2124,                 1.4643,              0.0015545,              0.0015545,              0.0015545
                     47,                 1.4546,                 1.1256,                 1.2523,                0.74592,                0.66833,                0.73162,                0.44052,                 1.4902,                 1.1398,                 1.4628,              0.0015446,              0.0015446,              0.0015446
                     48,                 1.4359,                 1.1339,                 1.2877,                0.77928,                0.64139,                0.72494,                  0.428,                 1.4052,                 1.1618,                 1.4219,              0.0015347,              0.0015347,              0.0015347
                     49,                 1.4155,                  1.109,                 1.2485,                0.78908,                 0.6173,                0.71316,                 0.4134,                 1.5053,                 1.1505,                 1.4716,              0.0015248,              0.0015248,              0.0015248
                     50,                 1.4453,                 1.0878,                 1.2447,                0.78159,                0.63167,                0.70251,                0.40905,                 1.4067,                 1.1215,                 1.4504,              0.0015149,              0.0015149,              0.0015149
                     51,                 1.4104,                 1.1016,                 1.2579,                0.79718,                0.63667,                0.72807,                0.44649,                 1.3526,                  1.097,                 1.3952,               0.001505,               0.001505,               0.001505
                     52,                  1.433,                 1.1155,                 1.2412,                 0.7533,                0.63614,                0.70655,                0.42598,                 1.3937,                 1.1269,                 1.4354,              0.0014951,              0.0014951,              0.0014951
                     53,                 1.4274,                  1.082,                 1.2452,                0.81168,                   0.61,                0.72352,                0.43944,                 1.3653,                  1.114,                  1.408,              0.0014852,              0.0014852,              0.0014852
                     54,                 1.4054,                 1.0855,                 1.2379,                0.77877,                0.63667,                0.72454,                0.43339,                 1.3307,                 1.0952,                 1.3911,              0.0014753,              0.0014753,              0.0014753
                     55,                 1.3857,                 1.0575,                 1.2365,                0.81371,                0.66333,                0.71657,                0.41832,                 1.4181,                 1.1249,                 1.4393,              0.0014654,              0.0014654,              0.0014654
                     56,                 1.3794,                 1.0369,                 1.2262,                0.78318,                0.66224,                0.73296,                0.45231,                 1.3513,                 1.0899,                 1.4057,              0.0014555,              0.0014555,              0.0014555
                     57,                 1.3849,                 1.0649,                 1.2322,                0.79249,                0.63652,                 0.7273,                0.43571,                 1.4098,                 1.1404,                 1.4168,              0.0014456,              0.0014456,              0.0014456
                     58,                 1.3684,                 1.0475,                 1.2242,                0.75721,                0.68092,                0.72495,                 0.4409,                 1.3431,                 1.1008,                  1.401,              0.0014357,              0.0014357,              0.0014357
                     59,                 1.3745,                 1.0525,                 1.2346,                0.80407,                0.64333,                0.73631,                0.44911,                 1.3252,                 1.0661,                 1.3921,              0.0014258,              0.0014258,              0.0014258
                     60,                 1.3748,                 1.0494,                 1.2218,                0.76437,                0.64337,                0.73115,                0.45346,                 1.3699,                 1.0955,                 1.4121,              0.0014159,              0.0014159,              0.0014159
                     61,                  1.356,                 1.0426,                 1.2141,                  0.791,                0.63077,                0.73256,                0.45663,                 1.3494,                 1.1354,                 1.3859,               0.001406,               0.001406,               0.001406
                     62,                 1.3647,                  1.051,                 1.2153,                0.83868,                0.61833,                0.71467,                0.43873,                  1.377,                 1.0908,                 1.4001,              0.0013961,              0.0013961,              0.0013961
                     63,                 1.4306,                 1.0566,                 1.2338,                0.79248,                0.65667,                0.72623,                0.42979,                 1.3095,                 1.0874,                 1.3673,              0.0013862,              0.0013862,              0.0013862
                     64,                 1.3577,                 1.0273,                 1.2358,                0.78914,                0.67364,                0.73906,                 0.4462,                 1.3355,                 1.0912,                  1.358,              0.0013763,              0.0013763,              0.0013763
                     65,                 1.3757,                 1.0265,                 1.2299,                0.74421,                0.67887,                0.72331,                0.43475,                 1.3869,                 1.0665,                 1.4078,              0.0013664,              0.0013664,              0.0013664
                     66,                 1.3378,                 1.0126,                 1.2101,                0.79723,                0.62667,                0.73362,                0.45693,                 1.3116,                 1.0688,                 1.3557,              0.0013565,              0.0013565,              0.0013565
                     67,                 1.3121,                0.98571,                  1.199,                0.79998,                0.67667,                0.75633,                0.46388,                 1.3131,                 1.0368,                 1.3595,              0.0013466,              0.0013466,              0.0013466
                     68,                 1.3179,                0.98998,                 1.1792,                0.80924,                0.68333,                0.74692,                0.45835,                 1.3152,                 1.0326,                 1.3683,              0.0013367,              0.0013367,              0.0013367
                     69,                  1.368,                0.99045,                 1.2039,                0.77092,                0.63833,                0.73097,                0.43908,                 1.4186,                 1.1436,                 1.4016,              0.0013268,              0.0013268,              0.0013268
                     70,                 1.3585,                 1.0311,                 1.2152,                0.79397,                0.69365,                0.75065,                0.43793,                 1.3814,                 1.1703,                 1.3815,              0.0013169,              0.0013169,              0.0013169
                     71,                 1.3581,                 1.0206,                 1.2119,                0.79138,                0.69547,                0.75755,                0.47734,                 1.2755,                 1.0432,                 1.3515,               0.001307,               0.001307,               0.001307
                     72,                 1.3295,                 0.9946,                 1.1919,                0.77233,                0.67667,                0.76017,                0.45901,                 1.3349,                 1.0396,                 1.3497,              0.0012971,              0.0012971,              0.0012971
                     73,                 1.3156,                0.98761,                 1.1991,                0.77003,                0.69199,                0.76597,                0.47015,                 1.3694,                 1.0861,                  1.381,              0.0012872,              0.0012872,              0.0012872
                     74,                 1.3456,                0.99744,                  1.197,                0.78396,                0.66333,                0.75242,                 0.4651,                 1.2934,                 1.0597,                 1.3744,              0.0012773,              0.0012773,              0.0012773
                     75,                 1.3046,                0.95729,                 1.1755,                0.82115,                0.64667,                0.74144,                0.46892,                 1.3827,                 1.0627,                 1.3852,              0.0012674,              0.0012674,              0.0012674
                     76,                 1.3035,                0.97461,                 1.1989,                0.82107,                0.66167,                0.76035,                0.48327,                 1.3357,                  1.039,                 1.3591,              0.0012575,              0.0012575,              0.0012575
                     77,                 1.2832,                0.96439,                 1.1768,                0.79772,                 0.6704,                0.76019,                0.47513,                  1.324,                 1.0862,                 1.3802,              0.0012476,              0.0012476,              0.0012476
                     78,                 1.2931,                0.97161,                 1.1915,                0.83875,                0.65833,                0.77932,                0.48219,                 1.2961,                0.96923,                 1.3624,              0.0012377,              0.0012377,              0.0012377
                     79,                 1.2805,                0.93339,                 1.1643,                 0.7929,                0.67167,                0.76979,                0.48454,                 1.3251,                   1.04,                 1.3547,              0.0012278,              0.0012278,              0.0012278
                     80,                 1.2926,                0.95024,                 1.1809,                0.77099,                0.67667,                0.75681,                0.48476,                 1.3618,                  1.081,                 1.3984,              0.0012179,              0.0012179,              0.0012179
                     81,                 1.3213,                0.95419,                 1.1726,                0.78802,                0.68167,                0.77072,                0.48202,                 1.2805,                0.97082,                 1.3476,               0.001208,               0.001208,               0.001208
                     82,                  1.309,                0.97076,                 1.1805,                0.80904,                0.70667,                0.78784,                0.48925,                 1.3606,                0.97751,                 1.3902,              0.0011981,              0.0011981,              0.0011981
                     83,                 1.2755,                0.93723,                 1.1664,                0.83052,                0.67667,                0.78306,                0.48676,                 1.2791,                0.98259,                 1.3276,              0.0011882,              0.0011882,              0.0011882
                     84,                 1.2718,                0.93317,                 1.1609,                0.79567,                0.69444,                0.78362,                0.48924,                 1.3213,                 1.0493,                 1.3593,              0.0011783,              0.0011783,              0.0011783
                     85,                 1.2554,                0.92436,                 1.1551,                0.77915,                0.69167,                0.77286,                0.49502,                 1.2672,                 0.9746,                 1.3343,              0.0011684,              0.0011684,              0.0011684
                     86,                 1.2756,                0.93913,                 1.1692,                0.81714,                   0.69,                0.78795,                 0.4963,                 1.2914,                0.99009,                 1.3388,              0.0011585,              0.0011585,              0.0011585
                     87,                 1.2249,                0.90989,                 1.1271,                0.85183,                0.64167,                0.76752,                0.49569,                 1.2851,                 1.0048,                 1.3117,              0.0011486,              0.0011486,              0.0011486
                     88,                 1.2523,                0.92376,                 1.1584,                0.75071,                   0.67,                0.76409,                0.48714,                 1.3973,                 1.0681,                 1.3816,              0.0011387,              0.0011387,              0.0011387
                     89,                 1.2664,                0.93131,                 1.1595,                0.80354,                  0.715,                0.78252,                0.48632,                 1.3738,                 1.0295,                 1.3528,              0.0011288,              0.0011288,              0.0011288
                     90,                 1.2492,                0.90344,                  1.147,                0.80457,                0.70167,                0.79242,                0.50524,                 1.2916,                0.95528,                 1.3345,              0.0011189,              0.0011189,              0.0011189
                     91,                 1.2787,                0.93272,                 1.1709,                0.78548,                   0.71,                0.78868,                0.51513,                 1.2863,                 1.0138,                 1.3228,               0.001109,               0.001109,               0.001109
                     92,                 1.2337,                0.91457,                 1.1452,                0.84229,                   0.69,                 0.7934,                0.51919,                 1.3534,                 1.0082,                 1.3535,              0.0010991,              0.0010991,              0.0010991
                     93,                 1.2486,                0.89843,                 1.1326,                0.82139,                0.70167,                0.79957,                 0.5122,                 1.3008,                0.96191,                 1.3252,              0.0010892,              0.0010892,              0.0010892
                     94,                 1.2028,                0.88236,                 1.1317,                 0.7932,                0.70333,                0.78617,                0.50638,                 1.2734,                0.99126,                 1.3239,              0.0010793,              0.0010793,              0.0010793
                     95,                 1.2331,                0.88864,                 1.1396,                0.79807,                 0.7114,                0.79376,                0.51439,                 1.2827,                0.97643,                 1.3148,              0.0010694,              0.0010694,              0.0010694
                     96,                 1.2226,                0.87642,                 1.1373,                0.80925,                0.71667,                0.79307,                0.50349,                 1.3266,                 1.0122,                 1.3183,              0.0010595,              0.0010595,              0.0010595
                     97,                 1.2205,                0.88831,                 1.1496,                0.82621,                0.73686,                0.80849,                0.50538,                 1.3146,                 1.0064,                 1.3471,              0.0010496,              0.0010496,              0.0010496
                     98,                 1.2403,                 0.8933,                   1.13,                0.80582,                0.72167,                0.77813,                0.51078,                 1.2826,                  1.009,                 1.3314,              0.0010397,              0.0010397,              0.0010397
                     99,                 1.2216,                0.88817,                 1.1235,                0.80087,                0.72167,                0.79527,                0.50947,                 1.3069,                0.95014,                 1.3289,              0.0010298,              0.0010298,              0.0010298
                    100,                 1.2217,                 0.8756,                 1.1303,                0.76539,                0.74667,                0.79748,                0.52525,                 1.2375,                0.94899,                 1.2981,              0.0010199,              0.0010199,              0.0010199
                    101,                 1.2143,                0.86098,                 1.1419,                0.82115,                0.72696,                0.80141,                0.52367,                 1.2607,                0.94331,                 1.3046,                0.00101,                0.00101,                0.00101
                    102,                 1.1825,                0.83394,                 1.1295,                0.80123,                0.71884,                0.79624,                0.51185,                 1.3197,                 1.0057,                 1.3175,              0.0010001,              0.0010001,              0.0010001
                    103,                 1.2109,                0.86039,                 1.1436,                0.85435,                0.68333,                0.80112,                 0.5171,                 1.2861,                0.95933,                 1.3418,              0.0009902,              0.0009902,              0.0009902
                    104,                 1.2148,                0.85362,                 1.1368,                0.82419,                0.70833,                0.81186,                 0.5353,                 1.2583,                0.92186,                 1.3045,              0.0009803,              0.0009803,              0.0009803
                    105,                  1.226,                0.84649,                 1.1334,                0.82623,                  0.685,                0.79772,                0.51809,                 1.3607,                 1.0014,                 1.3659,              0.0009704,              0.0009704,              0.0009704
                    106,                 1.1998,                0.85389,                 1.1078,                0.80054,                0.71333,                 0.8036,                0.52345,                 1.3173,                0.95557,                 1.3317,              0.0009605,              0.0009605,              0.0009605
                    107,                 1.1512,                0.81749,                 1.0925,                0.80697,                 0.7316,                0.81138,                0.53231,                 1.2859,                 0.9351,                 1.3097,              0.0009506,              0.0009506,              0.0009506
                    108,                 1.1914,                0.83615,                 1.1189,                0.80272,                0.73243,                0.82165,                0.52748,                 1.2794,                0.92594,                 1.3034,              0.0009407,              0.0009407,              0.0009407
                    109,                 1.1837,                0.82498,                 1.1168,                0.82255,                0.70667,                0.80944,                0.52149,                 1.3107,                0.94302,                 1.3096,              0.0009308,              0.0009308,              0.0009308
                    110,                 1.1663,                0.81286,                 1.1119,                0.82071,                 0.7324,                0.80535,                0.53721,                 1.2521,                 0.9121,                 1.2894,              0.0009209,              0.0009209,              0.0009209
                    111,                 1.1763,                0.82482,                 1.1162,                0.78957,                0.70665,                0.79338,                0.51686,                 1.2943,                0.94801,                 1.3025,               0.000911,               0.000911,               0.000911
                    112,                 1.1511,                0.80697,                 1.0956,                0.87184,                    0.7,                 0.8101,                0.53567,                 1.2661,                0.92249,                 1.2853,              0.0009011,              0.0009011,              0.0009011
                    113,                 1.1534,                0.81188,                 1.1166,                0.83235,                   0.73,                0.81754,                0.53697,                 1.2597,                0.92353,                  1.287,              0.0008912,              0.0008912,              0.0008912
                    114,                 1.1463,                0.79321,                 1.1031,                0.83698,                 0.7359,                0.83024,                0.54912,                 1.2394,                0.86711,                 1.2835,              0.0008813,              0.0008813,              0.0008813
                    115,                 1.1431,                0.77466,                 1.0828,                0.83868,                0.73649,                0.82321,                0.54309,                 1.2116,                0.91828,                 1.2652,              0.0008714,              0.0008714,              0.0008714
                    116,                 1.1545,                  0.785,                 1.1016,                0.80591,                0.73355,                0.82439,                0.54608,                 1.2799,                0.90163,                 1.3047,              0.0008615,              0.0008615,              0.0008615
                    117,                 1.1525,                0.79497,                  1.082,                0.81102,                0.75102,                0.82649,                0.55076,                 1.2015,                0.87794,                 1.2431,              0.0008516,              0.0008516,              0.0008516
                    118,                 1.1721,                0.82342,                 1.1098,                 0.8538,                0.72167,                0.81889,                0.53221,                 1.2444,                0.91781,                 1.2798,              0.0008417,              0.0008417,              0.0008417
                    119,                 1.1746,                0.81087,                 1.1099,                 0.7926,                 0.7452,                0.81142,                0.53487,                 1.2401,                0.89476,                 1.2879,              0.0008318,              0.0008318,              0.0008318
                    120,                 1.1591,                0.80563,                 1.1028,                0.83988,                0.72562,                0.82134,                0.54936,                 1.2957,                 1.0107,                 1.3141,              0.0008219,              0.0008219,              0.0008219
                    121,                 1.1163,                0.78449,                 1.0863,                0.82747,                0.76167,                0.83904,                 0.5588,                 1.1831,                0.87814,                 1.2579,               0.000812,               0.000812,               0.000812
                    122,                 1.1314,                0.77393,                 1.0856,                0.84349,                0.73654,                0.83274,                0.56061,                 1.2416,                0.84045,                 1.2878,              0.0008021,              0.0008021,              0.0008021
                    123,                 1.1201,                0.77967,                 1.0804,                0.80914,                0.76333,                0.82885,                0.55689,                 1.2283,                0.90443,                  1.266,              0.0007922,              0.0007922,              0.0007922
                    124,                 1.1022,                0.75923,                 1.0961,                 0.8185,                0.75833,                0.81143,                0.54464,                 1.2794,                0.89737,                 1.3164,              0.0007823,              0.0007823,              0.0007823
                    125,                 1.1202,                0.75754,                 1.0862,                0.84742,                0.74055,                0.83268,                0.56367,                 1.1962,                0.86039,                 1.2324,              0.0007724,              0.0007724,              0.0007724
                    126,                 1.1321,                0.76804,                 1.0863,                  0.854,                0.74093,                0.83268,                0.55178,                  1.351,                0.97184,                 1.3748,              0.0007625,              0.0007625,              0.0007625
                    127,                 1.1232,                0.76768,                  1.082,                0.85169,                0.70333,                0.82323,                0.56139,                 1.2433,                0.93809,                  1.263,              0.0007526,              0.0007526,              0.0007526
                    128,                 1.1026,                 0.7647,                 1.0875,                0.82098,                   0.76,                0.83934,                0.56828,                 1.2648,                0.91161,                 1.3201,              0.0007427,              0.0007427,              0.0007427
                    129,                 1.1111,                0.77611,                 1.0871,                0.82491,                   0.75,                0.82309,                0.55896,                  1.263,                0.90536,                 1.2851,              0.0007328,              0.0007328,              0.0007328
                    130,                  1.093,                0.75706,                 1.0721,                0.82535,                0.75167,                0.83417,                0.54463,                 1.3662,                0.97301,                 1.3551,              0.0007229,              0.0007229,              0.0007229
                    131,                 1.1148,                 0.7643,                 1.0781,                0.88153,                0.69452,                 0.8209,                0.54589,                 1.2832,                0.95789,                  1.306,               0.000713,               0.000713,               0.000713
                    132,                 1.0928,                 0.7448,                 1.0747,                0.80154,                  0.765,                0.83902,                0.57075,                   1.21,                0.89188,                 1.2616,              0.0007031,              0.0007031,              0.0007031
                    133,                 1.0882,                0.76539,                  1.073,                0.84539,                0.74333,                0.83857,                0.56824,                 1.2227,                0.86615,                 1.2773,              0.0006932,              0.0006932,              0.0006932
                    134,                 1.0768,                0.72192,                 1.0603,                0.87296,                0.75585,                0.84121,                0.57025,                 1.2986,                0.87166,                 1.3374,              0.0006833,              0.0006833,              0.0006833
                    135,                 1.0793,                0.73044,                 1.0622,                0.82553,                0.76496,                0.83354,                0.56121,                 1.1837,                0.86534,                 1.2573,              0.0006734,              0.0006734,              0.0006734
                    136,                 1.1176,                 0.7574,                 1.0708,                0.83884,                0.74604,                0.84375,                0.57456,                  1.234,                0.90005,                 1.2604,              0.0006635,              0.0006635,              0.0006635
                    137,                 1.0995,                0.74158,                 1.0767,                0.85844,                0.73667,                0.84512,                0.56497,                 1.2804,                0.86007,                 1.3092,              0.0006536,              0.0006536,              0.0006536
                    138,                 1.1102,                0.72692,                 1.0714,                0.87988,                   0.73,                0.84612,                0.58089,                 1.2862,                0.87924,                 1.3303,              0.0006437,              0.0006437,              0.0006437
                    139,                 1.0802,                0.72512,                 1.0722,                0.82129,                 0.7583,                0.84605,                 0.5711,                  1.262,                0.87593,                 1.2999,              0.0006338,              0.0006338,              0.0006338
                    140,                 1.0695,                0.70963,                 1.0661,                0.84852,                0.75167,                0.83877,                0.57321,                 1.2352,                0.86708,                 1.2751,              0.0006239,              0.0006239,              0.0006239
                    141,                    1.1,                0.72387,                  1.068,                0.78998,                0.77738,                0.84052,                0.57347,                 1.2057,                 0.8955,                 1.2686,               0.000614,               0.000614,               0.000614
                    142,                 1.0788,                0.71709,                 1.0755,                0.85755,                0.76253,                0.85139,                0.57348,                 1.3016,                0.89529,                  1.312,              0.0006041,              0.0006041,              0.0006041
                    143,                 1.0816,                0.73157,                 1.0802,                0.84661,                0.76667,                0.84375,                0.57238,                 1.1592,                 0.8181,                 1.2422,              0.0005942,              0.0005942,              0.0005942
                    144,                 1.0659,                0.71449,                 1.0577,                0.84202,                0.77287,                0.84141,                0.56011,                 1.2081,                0.80393,                 1.2936,              0.0005843,              0.0005843,              0.0005843
                    145,                 1.0706,                0.73832,                 1.0609,                0.85432,                0.72833,                0.83509,                0.56197,                 1.2959,                 0.8923,                 1.3016,              0.0005744,              0.0005744,              0.0005744
                    146,                 1.0821,                0.70632,                 1.0556,                0.82372,                0.77099,                0.84427,                 0.5834,                  1.234,                0.85535,                 1.2792,              0.0005645,              0.0005645,              0.0005645
                    147,                 1.0644,                0.70758,                 1.0553,                0.85986,                   0.74,                0.84102,                0.55872,                 1.2417,                0.82998,                 1.2819,              0.0005546,              0.0005546,              0.0005546
                    148,                 1.0893,                0.71841,                  1.054,                 0.8401,                0.77057,                0.84931,                0.58927,                 1.1803,                 0.8411,                 1.2339,              0.0005447,              0.0005447,              0.0005447
                    149,                 1.0473,                0.69464,                 1.0445,                0.85783,                0.75667,                 0.8395,                0.57188,                 1.2215,                0.83899,                 1.2493,              0.0005348,              0.0005348,              0.0005348
                    150,                 1.0445,                0.70396,                 1.0507,                0.89037,                0.74451,                0.84423,                0.58212,                 1.2083,                0.84481,                  1.255,              0.0005249,              0.0005249,              0.0005249
                    151,                 1.0183,                0.70336,                 1.0501,                0.86432,                0.74167,                0.83957,                0.57672,                 1.2137,                0.86652,                 1.2633,               0.000515,               0.000515,               0.000515
                    152,                 1.0265,                 0.6921,                 1.0371,                 0.8967,                0.73786,                0.84238,                0.58123,                 1.2168,                 0.8393,                 1.2619,              0.0005051,              0.0005051,              0.0005051
                    153,                 1.0458,                0.69046,                 1.0429,                0.88166,                 0.7326,                0.84905,                0.59021,                 1.2259,                0.86778,                 1.2801,              0.0004952,              0.0004952,              0.0004952
                    154,                 1.0254,                0.66562,                 1.0392,                0.88446,                0.74333,                0.84891,                0.58687,                 1.1937,                0.82574,                   1.26,              0.0004853,              0.0004853,              0.0004853
                    155,                 1.0274,                0.68864,                 1.0414,                0.87383,                0.76184,                0.84876,                0.58413,                 1.1651,                0.83735,                 1.2417,              0.0004754,              0.0004754,              0.0004754
                    156,                  1.019,                0.67088,                  1.029,                0.84572,                0.76747,                0.84807,                0.59815,                 1.1728,                0.80148,                 1.2528,              0.0004655,              0.0004655,              0.0004655
                    157,                0.99405,                0.67521,                 1.0392,                 0.8968,                0.76757,                0.85556,                0.59411,                  1.158,                0.79773,                 1.2387,              0.0004556,              0.0004556,              0.0004556
                    158,                 1.0377,                 0.6828,                 1.0476,                0.86672,                0.78333,                 0.8553,                0.58511,                  1.201,                0.80234,                 1.2735,              0.0004457,              0.0004457,              0.0004457
                    159,                 1.0392,                0.68233,                 1.0468,                0.87017,                0.75959,                0.85156,                0.59956,                 1.1674,                0.83535,                 1.2517,              0.0004358,              0.0004358,              0.0004358
                    160,                 1.0215,                0.68479,                  1.048,                0.88455,                0.73333,                0.85821,                0.60069,                 1.1292,                0.78175,                 1.2158,              0.0004259,              0.0004259,              0.0004259
                    161,                 1.0096,                0.67637,                 1.0531,                0.89026,                0.74367,                0.85426,                 0.5969,                 1.1498,                0.79703,                 1.2163,               0.000416,               0.000416,               0.000416
                    162,                 1.0034,                0.67374,                   1.04,                0.87839,                0.74333,                  0.847,                0.58866,                 1.1569,                0.80153,                 1.2347,              0.0004061,              0.0004061,              0.0004061
                    163,                 1.0261,                0.65988,                 1.0327,                 0.8403,                0.78167,                0.85015,                0.59872,                 1.1348,                0.79776,                 1.2013,              0.0003962,              0.0003962,              0.0003962
                    164,                 1.0132,                0.67486,                  1.038,                0.83547,                0.79553,                0.85482,                0.59365,                 1.1794,                 0.8174,                 1.2363,              0.0003863,              0.0003863,              0.0003863
                    165,                 1.0051,                0.66731,                 1.0273,                0.86583,                 0.7744,                0.85448,                0.59434,                 1.1502,                0.81617,                 1.2169,              0.0003764,              0.0003764,              0.0003764
                    166,                 1.0054,                0.68372,                 1.0435,                0.84719,                0.77167,                0.83949,                0.58319,                 1.2093,                0.84328,                 1.2437,              0.0003665,              0.0003665,              0.0003665
                    167,                 1.0133,                0.66555,                 1.0245,                0.88528,                0.74167,                0.84799,                0.59368,                 1.1358,                0.78525,                 1.2255,              0.0003566,              0.0003566,              0.0003566
                    168,                0.99547,                0.64021,                 1.0148,                0.89227,                0.73165,                0.84402,                0.58606,                 1.2589,                0.84432,                 1.2794,              0.0003467,              0.0003467,              0.0003467
                    169,                0.98948,                 0.6542,                 1.0362,                0.85864,                   0.78,                0.85176,                0.59104,                  1.163,                0.80262,                 1.2612,              0.0003368,              0.0003368,              0.0003368
                    170,                0.97868,                0.66261,                  1.025,                0.81151,                0.79667,                0.85318,                0.60162,                 1.1986,                0.81511,                 1.2836,              0.0003269,              0.0003269,              0.0003269
                    171,                0.97776,                0.66279,                 1.0407,                0.90752,                0.72667,                0.85011,                0.59306,                 1.1663,                0.79656,                 1.2453,               0.000317,               0.000317,               0.000317
                    172,                0.97902,                0.64289,                 1.0157,                0.80297,                  0.795,                0.85315,                0.59633,                 1.1751,                0.80525,                 1.2202,              0.0003071,              0.0003071,              0.0003071
                    173,                0.98327,                0.64134,                 1.0216,                0.87107,                0.76572,                0.86398,                0.59562,                 1.1489,                0.78077,                 1.2206,              0.0002972,              0.0002972,              0.0002972
                    174,                0.97583,                 0.6514,                 1.0302,                0.87933,                0.77833,                0.86003,                0.59499,                 1.1401,                0.79204,                 1.2412,              0.0002873,              0.0002873,              0.0002873
                    175,                0.94308,                0.62359,                 1.0075,                 0.8945,                   0.77,                0.86023,                0.60516,                 1.1147,                0.77903,                 1.2145,              0.0002774,              0.0002774,              0.0002774
                    176,                0.97238,                0.64263,                 1.0266,                0.87101,                0.77833,                0.85637,                0.60629,                 1.1183,                0.78384,                 1.2095,              0.0002675,              0.0002675,              0.0002675
                    177,                0.95676,                0.63412,                 1.0213,                0.88126,                0.77667,                0.85981,                 0.6061,                 1.1642,                0.79201,                  1.228,              0.0002576,              0.0002576,              0.0002576
                    178,                0.93959,                0.62329,                 1.0077,                 0.8814,                0.78035,                0.86615,                0.60855,                 1.1634,                0.77688,                  1.239,              0.0002477,              0.0002477,              0.0002477
                    179,                0.98074,                 0.6404,                 1.0157,                0.83938,                0.78833,                0.85225,                0.59869,                  1.206,                0.78454,                 1.2992,              0.0002378,              0.0002378,              0.0002378
                    180,                  0.946,                0.62544,                0.99819,                0.87568,                0.78655,                0.86371,                0.60559,                 1.1566,                0.78312,                 1.2293,              0.0002279,              0.0002279,              0.0002279
                    181,                 0.9563,                0.62214,                 1.0158,                0.85832,                0.80773,                0.86464,                0.60665,                 1.1567,                0.76693,                 1.2325,               0.000218,               0.000218,               0.000218
                    182,                0.98201,                0.64882,                 1.0315,                0.87265,                0.81087,                0.86602,                0.60465,                 1.1266,                0.77936,                 1.2206,              0.0002081,              0.0002081,              0.0002081
                    183,                0.94847,                0.62738,                 1.0017,                0.87064,                0.77399,                0.86302,                0.60398,                  1.164,                0.80127,                 1.2262,              0.0001982,              0.0001982,              0.0001982
                    184,                0.94162,                0.62384,                  1.006,                0.84511,                0.80023,                0.86303,                 0.6036,                 1.1689,                0.80755,                 1.2465,              0.0001883,              0.0001883,              0.0001883
                    185,                0.94709,                0.61583,                0.99792,                0.85252,                0.80927,                0.86183,                0.60634,                 1.1832,                0.79856,                 1.2568,              0.0001784,              0.0001784,              0.0001784
                    186,                0.95268,                0.62468,                 1.0214,                0.87697,                0.77333,                0.86084,                0.60898,                 1.2016,                0.77309,                 1.2812,              0.0001685,              0.0001685,              0.0001685
                    187,                0.96811,                0.62563,                 1.0175,                0.87484,                0.78833,                0.86474,                0.61549,                  1.152,                0.78911,                 1.2253,              0.0001586,              0.0001586,              0.0001586
                    188,                0.91649,                0.62069,                 1.0081,                0.85196,                0.81167,                0.86256,                0.61021,                 1.1594,                0.79762,                 1.2346,              0.0001487,              0.0001487,              0.0001487
                    189,                 0.9368,                0.62508,                 1.0133,                0.87751,                0.79998,                0.86359,                0.61176,                  1.101,                0.76809,                 1.1969,              0.0001388,              0.0001388,              0.0001388
                    190,                0.93722,                0.61466,                0.99494,                0.86328,                0.81833,                0.86711,                0.61806,                  1.093,                0.77038,                 1.1846,              0.0001289,              0.0001289,              0.0001289
                    191,                0.92609,                0.60742,                 1.0291,                0.87542,                0.79641,                0.86353,                 0.6063,                 1.1296,                0.77446,                 1.2238,               0.000119,               0.000119,               0.000119
                    192,                0.90834,                 0.5915,                 1.0182,                0.87751,                0.77608,                0.86097,                0.60674,                 1.1386,                 0.7637,                 1.2114,              0.0001091,              0.0001091,              0.0001091
                    193,                0.87595,                0.57044,                  1.016,                0.87729,                0.76261,                0.85445,                 0.6042,                 1.1215,                0.76993,                 1.2004,               9.92e-05,               9.92e-05,               9.92e-05
                    194,                0.89764,                 0.5848,                 1.0112,                0.87935,                   0.77,                0.85619,                0.60075,                 1.1323,                 0.7655,                 1.2123,               8.93e-05,               8.93e-05,               8.93e-05
                    195,                0.86524,                0.56718,                  1.011,                  0.889,                  0.775,                 0.8615,                0.60382,                 1.1613,                 0.7687,                 1.2253,               7.94e-05,               7.94e-05,               7.94e-05
                    196,                0.88791,                0.58694,                 1.0185,                 0.9099,                0.76167,                 0.8627,                0.60519,                 1.1927,                0.77421,                 1.2577,               6.95e-05,               6.95e-05,               6.95e-05
                    197,                0.87776,                0.56805,                0.99011,                0.91197,                0.75968,                0.86128,                0.60549,                 1.1775,                0.78405,                 1.2463,               5.96e-05,               5.96e-05,               5.96e-05
                    198,                0.85306,                0.56298,                0.99981,                0.89055,                   0.76,                0.85802,                0.61014,                 1.1883,                0.78558,                 1.2626,               4.97e-05,               4.97e-05,               4.97e-05
                    199,                0.85364,                0.55376,                 0.9872,                0.88059,                0.77432,                0.85943,                0.60966,                 1.1645,                0.79375,                 1.2387,               3.98e-05,               3.98e-05,               3.98e-05
                    200,                0.85759,                0.55803,                0.99644,                0.84384,                0.79255,                0.85852,                 0.6091,                 1.1523,                0.78926,                 1.2302,               2.99e-05,               2.99e-05,               2.99e-05
